,lightgbm,mlp,transformer
lightgbm,1.0,0.8285764371898986,0.7938101197058145
mlp,0.8285764371898986,1.0,0.9214292370497449
transformer,0.7938101197058145,0.9214292370497449,1.0
