{
  "families": [
    "lightgbm",
    "mlp",
    "transformer"
  ],
  "weights": [
    0.4176389212423974,
    0.28656020306586344,
    0.2958008756917392
  ],
  "neut_alpha": 0.35,
  "alpha_insample_plateau": 0.0,
  "K": 32,
  "clip": 6.0,
  "in_sample_blend_ic": 0.12059,
  "ic_by_alpha": {
    "0.0": 0.124458,
    "0.05": 0.123971,
    "0.1": 0.123462,
    "0.15": 0.122931,
    "0.2": 0.122379,
    "0.25": 0.121805,
    "0.3": 0.121208,
    "0.35": 0.12059,
    "0.4": 0.119949,
    "0.45": 0.119287,
    "0.5": 0.118603,
    "0.55": 0.117898,
    "0.6": 0.117171,
    "0.65": 0.116423,
    "0.7": 0.115653,
    "0.75": 0.114864,
    "0.8": 0.114053,
    "0.85": 0.113223
  },
  "note": "per-day z-score each base pred; blend with diversity weights; then pred' = perday_z(blend - alpha * groupmean_g(blend)). alpha carried from the OOS-validated research recipe (~0.35).",
  "xfmr": {
    "d": 176,
    "nl": 4,
    "ncs": 2,
    "nh": 4,
    "sd": 0.15
  }
}