{
  "families": [
    "lightgbm",
    "mlp",
    "transformer"
  ],
  "weights": [
    0.43424882029942063,
    0.28859910088484386,
    0.27715207881573556
  ],
  "neut_alpha": 0.35,
  "alpha_insample_plateau": 0.0,
  "K": 32,
  "clip": 6.0,
  "in_sample_blend_ic": 0.10719,
  "ic_by_alpha": {
    "0.0": 0.110549,
    "0.05": 0.110134,
    "0.1": 0.109698,
    "0.15": 0.10924,
    "0.2": 0.10876,
    "0.25": 0.108258,
    "0.3": 0.107734,
    "0.35": 0.107189,
    "0.4": 0.106621,
    "0.45": 0.106031,
    "0.5": 0.105419,
    "0.55": 0.104785,
    "0.6": 0.104129,
    "0.65": 0.103453,
    "0.7": 0.102755,
    "0.75": 0.102036,
    "0.8": 0.101296,
    "0.85": 0.100536
  },
  "note": "per-day z-score each base pred; blend with diversity weights; then pred' = perday_z(blend - alpha * groupmean_g(blend)). alpha carried from the OOS-validated research recipe (~0.35).",
  "xfmr": {
    "d": 176,
    "nl": 4,
    "ncs": 2,
    "nh": 4,
    "sd": 0.15
  }
}