{
  "families": [
    "lightgbm",
    "mlp",
    "transformer"
  ],
  "weights": [
    0.4432889625866889,
    0.2323389822182876,
    0.3243720551950235
  ],
  "neut_alpha": 0.35,
  "alpha_insample_plateau": 0.0,
  "K": 32,
  "clip": 6.0,
  "in_sample_blend_ic": 0.10503,
  "ic_by_alpha": {
    "0.0": 0.108561,
    "0.05": 0.108123,
    "0.1": 0.107663,
    "0.15": 0.107181,
    "0.2": 0.106676,
    "0.25": 0.106149,
    "0.3": 0.105598,
    "0.35": 0.105025,
    "0.4": 0.104429,
    "0.45": 0.10381,
    "0.5": 0.103168,
    "0.55": 0.102504,
    "0.6": 0.101817,
    "0.65": 0.101108,
    "0.7": 0.100377,
    "0.75": 0.099625,
    "0.8": 0.098851,
    "0.85": 0.098057
  },
  "note": "per-day z-score each base pred; blend with diversity weights; then pred' = perday_z(blend - alpha * groupmean_g(blend)). alpha carried from the OOS-validated research recipe (~0.35)."
}