{
  "families": [
    "lightgbm",
    "mlp",
    "transformer"
  ],
  "weights": [
    0.44529737973630507,
    0.2756964826233354,
    0.27900613764035953
  ],
  "neut_alpha": 0.35,
  "alpha_insample_plateau": 0.0,
  "K": 32,
  "clip": 6.0,
  "in_sample_blend_ic": 0.10339,
  "ic_by_alpha": {
    "0.0": 0.106634,
    "0.05": 0.106234,
    "0.1": 0.105814,
    "0.15": 0.105372,
    "0.2": 0.104909,
    "0.25": 0.104424,
    "0.3": 0.103918,
    "0.35": 0.103389,
    "0.4": 0.102839,
    "0.45": 0.102267,
    "0.5": 0.101674,
    "0.55": 0.101059,
    "0.6": 0.100422,
    "0.65": 0.099764,
    "0.7": 0.099085,
    "0.75": 0.098386,
    "0.8": 0.097666,
    "0.85": 0.096926
  },
  "note": "per-day z-score each base pred; blend with diversity weights; then pred' = perday_z(blend - alpha * groupmean_g(blend)). alpha carried from the OOS-validated research recipe (~0.35)."
}