{
  "members": [
    "lightgbm_dart",
    "lightgbm_huber",
    "lightgbm_l1",
    "mlp",
    "transformer"
  ],
  "weights": [
    0.4794965589279407,
    0.0,
    0.0,
    0.162068937961713,
    0.3584345031103463
  ],
  "neut_alpha": 0.35,
  "valid_ic_by_alpha": {
    "0.0": 0.0646365466511316,
    "0.05": 0.06478048403323576,
    "0.1": 0.06491333363298886,
    "0.15": 0.06503468527297239,
    "0.2": 0.06514413798907263,
    "0.25": 0.06524130207847448,
    "0.3": 0.06532580120154914,
    "0.35": 0.06539727451965809,
    "0.4": 0.06545537884862726,
    "0.45": 0.06549979080558863,
    "0.5": 0.06553020892513345,
    "0.55": 0.06554635571936099,
    "0.6": 0.06554797965552467,
    "0.65": 0.06553485702464719,
    "0.7": 0.06550679367475513,
    "0.75": 0.06546362658330909,
    "0.8": 0.0654052252449883,
    "0.85": 0.06533149285321334
  }
}